Date,Open,High,Low,Close,Volume
2023-07-10 00:00:00-04:00,4.124334699383986,4.148691177368164,4.1080971764388945,4.148691177368164,180200
2023-07-11 00:00:00-04:00,4.156809745274168,4.173047268219259,4.148691177368164,4.148691177368164,112100
2023-07-12 00:00:00-04:00,4.205522324468241,4.2217598474533276,4.189284801483154,4.189284801483154,137600
2023-07-13 00:00:00-04:00,4.221758778883806,4.221758778883806,4.189283741133391,4.213640213012695,153500
2023-07-14 00:00:00-04:00,4.221759086074107,4.229878039668969,4.164927959442139,4.164927959442139,224000
2023-07-17 00:00:00-04:00,4.189284045960693,4.197402999555554,4.148690439385431,4.164927959442139,370800
2023-07-18 00:00:00-04:00,4.156808593614124,4.181165064850247,4.156808593614124,4.173046112060547,279100
2023-07-19 00:00:00-04:00,4.19740375654224,4.205522324468241,4.173047278498068,4.189284801483154,164600
2023-07-20 00:00:00-04:00,4.189284000594622,4.213640473982433,4.173046480713752,4.1974029541015625,239200
2023-07-21 00:00:00-04:00,4.229879496106628,4.237998065363871,4.2055230140686035,4.2055230140686035,184500
2023-07-24 00:00:00-04:00,4.205521260008598,4.221758778883806,4.205521260008598,4.213640213012695,209100
2023-07-25 00:00:00-04:00,4.213641379066635,4.229878902435303,4.205522423815754,4.229878902435303,95700
2023-07-26 00:00:00-04:00,4.229878273348813,4.229878273348813,4.20552179835167,4.22175931930542,90100
2023-07-27 00:00:00-04:00,4.2217598474533276,4.237997370438414,4.181166233557153,4.189284801483154,336800
2023-07-28 00:00:00-04:00,4.205522634164973,4.246116638183594,4.181166541460291,4.246116638183594,230700
2023-07-31 00:00:00-04:00,4.262353949172637,4.262353949172637,4.221759947184422,4.229878902435303,233000
2023-08-01 00:00:00-04:00,4.2135152880152535,4.22987843827416,4.197152137756348,4.197152137756348,189800
2023-08-02 00:00:00-04:00,4.188971051643251,4.197152823172968,4.156244745781065,4.172607898712158,345900
2023-08-03 00:00:00-04:00,4.148063364379688,4.197152823172968,4.148063364379688,4.172607898712158,318200
2023-08-04 00:00:00-04:00,4.1971526394755845,4.21351579169051,4.1480631828308105,4.1480631828308105,311300
2023-08-07 00:00:00-04:00,4.164426318522606,4.180789470672607,4.156244547383445,4.180789470672607,317400
2023-08-08 00:00:00-04:00,4.164426526338713,4.1807896793052794,4.139881601824693,4.15624475479126,233200
2023-08-09 00:00:00-04:00,4.156244563874112,4.172607716089036,4.1398814116591875,4.1480631828308105,244000
2023-08-10 00:00:00-04:00,4.164425837238535,4.205333517821663,4.156244067044944,4.197152137756348,157900
2023-08-11 00:00:00-04:00,4.197152823172968,4.197152823172968,4.1644265173107815,4.172607898712158,201900
2023-08-14 00:00:00-04:00,4.17260693978813,4.18897008895874,4.16442556026695,4.18897008895874,130500
2023-08-15 00:00:00-04:00,4.188970393266201,4.197152163509995,4.131699562072754,4.131699562072754,173100
2023-08-16 00:00:00-04:00,4.12351779182896,4.15624409254758,4.12351779182896,4.131699562072754,187600
2023-08-17 00:00:00-04:00,4.148063680179876,4.148063680179876,4.115337371826172,4.115337371826172,115900
2023-08-18 00:00:00-04:00,4.107155599673561,4.131700526003024,4.107155599673561,4.115337371826172,64300
2023-08-21 00:00:00-04:00,4.131699753538556,4.148062904656146,4.107154831798023,4.139881134033203,110100
2023-08-22 00:00:00-04:00,4.131700526003024,4.139881908027266,4.107155599673561,4.115337371826172,108000
2023-08-23 00:00:00-04:00,4.123518439918879,4.172607898712158,4.123518439918879,4.172607898712158,73200
2023-08-24 00:00:00-04:00,4.188970594696897,4.188970594696897,4.115336609603379,4.123517990112305,145600
2023-08-25 00:00:00-04:00,4.148063373372147,4.164426526338713,4.115337067439014,4.15624475479126,95700
2023-08-28 00:00:00-04:00,4.172607707778716,4.172607707778716,4.148063174569374,4.164426326751709,71800
2023-08-29 00:00:00-04:00,4.164425837238535,4.197152137756348,4.164425837238535,4.197152137756348,177500
2023-08-30 00:00:00-04:00,4.188970558711217,4.205333709716797,4.172607407705638,4.205333709716797,208600
2023-08-31 00:00:00-04:00,4.188971060724393,4.197152832271846,4.15624475479126,4.15624475479126,241000
2023-09-01 00:00:00-04:00,4.180983826473619,4.189230138140674,4.156244105023388,4.172737121582031,114200
2023-09-05 00:00:00-04:00,4.172737184740288,4.172737184740288,4.147997856140137,4.147997856140137,147600
2023-09-06 00:00:00-04:00,4.131504992977886,4.1397513050764285,4.106765270233154,4.106765270233154,186100
2023-09-07 00:00:00-04:00,4.106765554312738,4.123258572875256,4.090272535750221,4.0985188484191895,133700
2023-09-08 00:00:00-04:00,4.090271887896907,4.123257919797324,4.090271887896907,4.115011215209961,176400
2023-09-11 00:00:00-04:00,4.115011866981708,4.131505278768805,4.0985188484191895,4.0985188484191895,215700
2023-09-12 00:00:00-04:00,4.106765554312738,4.131505278768805,4.0737795171877025,4.0985188484191895,311800
2023-09-13 00:00:00-04:00,4.090272233237732,4.1150115626395225,4.082025527954102,4.082025527954102,143300
2023-09-14 00:00:00-04:00,4.090272252811517,4.115011582331697,4.082025547488422,4.106765270233154,299000
2023-09-15 00:00:00-04:00,4.098519694651148,4.1232594242152905,4.073780358311666,4.090273380279541,466900
2023-09-18 00:00:00-04:00,4.098518584288415,4.139751324649739,4.082025566788797,4.131505012512207,210800
2023-09-19 00:00:00-04:00,4.139751324649739,4.147998030011825,4.115011601788034,4.131505012512207,177700
2023-09-20 00:00:00-04:00,4.115012184796539,4.16449163753012,4.115012184796539,4.13975191116333,194800
2023-09-21 00:00:00-04:00,4.115011582331697,4.131504992977886,4.082025547488422,4.106765270233154,131800
2023-09-22 00:00:00-04:00,4.115011601788034,4.139751324649739,4.106765289650502,4.131505012512207,227700
2023-09-25 00:00:00-04:00,4.0985185649100595,4.115011582331697,4.090272252811517,4.106765270233154,148200
2023-09-26 00:00:00-04:00,4.082025895779438,4.10676562063504,4.049039858121693,4.073779582977295,350000
2023-09-27 00:00:00-04:00,4.073779582977295,4.090272601806167,4.049039858121693,4.073779582977295,297700
2023-09-28 00:00:00-04:00,4.049039253618124,4.073778974780196,4.040792942047119,4.040792942047119,492300
2023-09-29 00:00:00-04:00,4.049039253618124,4.082025286351201,4.040792942047119,4.040792942047119,359600
2023-10-02 00:00:00-04:00,4.024164668006915,4.040793431244094,3.9825925616834765,3.9992213249206543,280000
2023-10-03 00:00:00-04:00,3.974278232000677,3.9909069946257434,3.9410203102895696,3.9576494693756104,186600
2023-10-04 00:00:00-04:00,3.9493348297369346,3.965963592108967,3.907762725576369,3.9410202503204346,520100
2023-10-05 00:00:00-04:00,3.932706067364902,3.9493348297369346,3.8246189137162063,3.9410202503204346,519000
2023-10-06 00:00:00-04:00,3.907762785039436,3.974278232000677,3.907762785039436,3.9576494693756104,206300
2023-10-09 00:00:00-04:00,3.9410202402299324,3.990906923679269,3.9410202402299324,3.9825923442840576,120000
2023-10-10 00:00:00-04:00,3.9909066962293345,4.015849640071487,3.9909066962293345,4.007535457611084,133500
2023-10-11 00:00:00-04:00,4.007536863126817,4.049108582930674,4.007536863126817,4.024165630340576,193700
2023-10-12 00:00:00-04:00,4.032478661718681,4.04079324117667,3.9909069538116455,3.9909069538116455,176600
2023-10-13 00:00:00-04:00,3.9992211368086643,4.032478661718681,3.9909069538116455,3.9909069538116455,146100
2023-10-16 00:00:00-04:00,4.024164161972877,4.057421684265137,4.015849583169342,4.057421684265137,223000
2023-10-17 00:00:00-04:00,4.040793844174141,4.065736793348342,4.040793844174141,4.049108028411865,313100
2023-10-18 00:00:00-04:00,4.024165101909283,4.0491080512240085,4.024165101909283,4.032479286193848,160900
2023-10-19 00:00:00-04:00,4.024164668006915,4.065736377869365,3.99090714153256,3.9992213249206543,179400
2023-10-20 00:00:00-04:00,3.9909067039991193,3.9992208864757086,3.9659633636474614,3.965963363647461,154400
2023-10-23 00:00:00-04:00,3.9493346214294434,3.9825921444193417,3.932705859934494,3.9493346214294434,225100
2023-10-24 00:00:00-04:00,3.965963592108967,3.9742781715254676,3.924391487948402,3.9410202503204346,235200
2023-10-25 00:00:00-04:00,3.9243922467273316,3.941021012314526,3.9077634811401367,3.9077634811401367,223200
2023-10-26 00:00:00-04:00,3.9160776057894084,3.924391789383559,3.8745054984356617,3.891134262084961,302400
2023-10-27 00:00:00-04:00,3.882820338898302,3.9077632878145896,3.8745057582855225,3.8745057582855225,192600
2023-10-30 00:00:00-04:00,3.882820530989867,3.916078062164256,3.882820530989867,3.9077634811401367,204500
2023-10-31 00:00:00-04:00,3.907762519461597,3.9576492004073915,3.907762519461597,3.9493346214294434,323800
2023-11-01 00:00:00-04:00,3.9493342428724922,4.024799355738806,3.9493342428724922,4.016414165496826,364300
2023-11-02 00:00:00-04:00,4.016415461034298,4.125420570373535,4.016415461034298,4.125420570373535,307600
2023-11-03 00:00:00-04:00,4.142190758996314,4.142190758996314,4.091880798339844,4.091880798339844,229200
2023-11-06 00:00:00-05:00,4.108649935680561,4.117034727475572,4.06672477722168,4.06672477722168,221000
2023-11-07 00:00:00-05:00,4.066725353837752,4.075110546649632,4.0331853822462325,4.049955368041992,191400
2023-11-08 00:00:00-05:00,4.066725646006466,4.066725646006466,3.974490517589272,4.008030891418457,895000
2023-11-09 00:00:00-05:00,4.008030513985816,4.033185292203867,3.991260528564453,3.991260528564453,214700
2023-11-10 00:00:00-05:00,4.00802965037093,4.075109577602594,4.00802965037093,4.058339595794678,267300
2023-11-13 00:00:00-05:00,4.066725155099462,4.083495140075684,4.049955170123241,4.083495140075684,112700
2023-11-14 00:00:00-05:00,4.1086506843566895,4.125420670830471,4.091880697882908,4.1086506843566895,211600
2023-11-15 00:00:00-05:00,4.150574014431138,4.150574014431138,4.075109301325689,4.100264072418213,321700
2023-11-16 00:00:00-05:00,4.1086496385993865,4.1254196208047755,3.974489381128363,4.041569709777832,935200
2023-11-17 00:00:00-05:00,4.024799727572443,4.066724483171958,4.024799727572443,4.041569709777832,247800
2023-11-20 00:00:00-05:00,4.04157037754912,4.083495140075684,4.04157037754912,4.083495140075684,294400
2023-11-21 00:00:00-05:00,4.083494750422713,4.100264733798719,4.075109958648682,4.075109958648682,249200
2023-11-22 00:00:00-05:00,4.083494091747238,4.125419243338614,4.083494091747238,4.100264072418213,401200
2023-11-24 00:00:00-05:00,4.108650496317962,4.142190467730517,4.108650496317962,4.133805274963379,102900
2023-11-27 00:00:00-05:00,4.108650584308115,4.133805363492242,4.091880598242694,4.125420570373535,217800
2023-11-28 00:00:00-05:00,4.125420570373535,4.150575349557664,4.125420570373535,4.125420570373535,149600
2023-11-29 00:00:00-05:00,4.1338051756767324,4.158960353545965,4.12542038293898,4.150575160980225,193900
2023-11-30 00:00:00-05:00,4.150575160980225,4.1757303388494575,4.1338051756767324,4.150575160980225,208400
2023-12-01 00:00:00-05:00,4.133667001306108,4.192840295290338,4.133667001306108,4.159027099609375,249800
2023-12-04 00:00:00-05:00,4.108308108551751,4.1590279119801465,4.108308108551751,4.116761207580566,332200
2023-12-05 00:00:00-05:00,4.099855348373254,4.150575160980225,4.099855348373254,4.150575160980225,259300
2023-12-06 00:00:00-05:00,4.150575160980225,4.167481765182549,4.142122060421682,4.150575160980225,333300
2023-12-07 00:00:00-05:00,4.175935403177228,4.184388504007728,4.150575294515221,4.167481899261475,261800
2023-12-08 00:00:00-05:00,4.167481630006862,4.167481630006862,4.125215322414616,4.133668422698975,148200
2023-12-11 00:00:00-05:00,4.133668556777901,4.159028664624007,4.108308852017036,4.150575160980225,144300
2023-12-12 00:00:00-05:00,4.167482454469186,4.167482454469186,4.1336692404719555,4.142122745513916,218300
2023-12-13 00:00:00-05:00,4.159028118734098,4.218201024132919,4.159028118734098,4.201294422149658,344800
2023-12-14 00:00:00-05:00,4.201294425036622,4.235108032111566,4.192841325581775,4.226654529571533,348700
2023-12-15 00:00:00-05:00,4.218201160430908,4.235108166045653,4.201294557901363,4.218201160430908,277200
2023-12-18 00:00:00-05:00,4.218200273088919,4.235107275147101,4.192840576171875,4.192840576171875,234700
2023-12-19 00:00:00-05:00,4.201293819672258,4.252014021433808,4.201293819672258,4.235107421875,280200
2023-12-20 00:00:00-05:00,4.209749918897864,4.260469748874298,4.175936698913574,4.175936698913574,248800
2023-12-21 00:00:00-05:00,4.19284145817919,4.235108166045653,4.19284145817919,4.218201160430908,234000
2023-12-22 00:00:00-05:00,4.2266537741180095,4.252013874120168,4.192840576171875,4.192840576171875,243900
2023-12-26 00:00:00-05:00,4.192841325581775,4.235108032111566,4.192841325581775,4.226654529571533,223000
2023-12-27 00:00:00-05:00,4.209747320994225,4.277373719229454,4.209747320994225,4.235107421875,316700
2023-12-28 00:00:00-05:00,4.235107863537586,4.2606720747711275,4.235107863537586,4.252150535583496,351600
2023-12-29 00:00:00-05:00,4.269192688066582,4.286235356416319,4.235106945037842,4.235106945037842,233800
2024-01-02 00:00:00-05:00,4.243629491095881,4.243629491095881,4.201022606929169,4.226586818695068,154700
2024-01-03 00:00:00-05:00,4.209544734482491,4.218065868708851,4.175459384918213,4.175459384918213,138300
2024-01-04 00:00:00-05:00,4.175458345487629,4.218064818671893,4.175458345487629,4.201022148132324,402400
2024-01-05 00:00:00-05:00,4.201021608338366,4.252149613387579,4.19250047732813,4.235106945037842,199100
2024-01-08 00:00:00-05:00,4.235107881098202,4.286236303777287,4.218065208981625,4.260672092437744,213300
2024-01-09 00:00:00-05:00,4.24362887950933,4.3117995592879055,4.24362887950933,4.294756889343262,396500
2024-01-10 00:00:00-05:00,4.294757349087795,4.328842692625845,4.27771467731877,4.320321559906006,227600
2024-01-11 00:00:00-05:00,4.320323368949896,4.354408726760467,4.311801826332495,4.345887184143066,307800
2024-01-12 00:00:00-05:00,4.345885717349769,4.3714499302442,4.345885717349769,4.36292839050293,195600
2024-01-16 00:00:00-05:00,4.3544069034440565,4.371449575213082,4.31180002085682,4.320321559906006,168200
2024-01-17 00:00:00-05:00,4.3203214906569745,4.362927966231938,4.3203214906569745,4.354406833648682,420400
2024-01-18 00:00:00-05:00,4.371450424194336,4.3884930992732265,4.354407749115446,4.371450424194336,219200
2024-01-19 00:00:00-05:00,4.388492694131075,4.397013827719143,4.337364673614502,4.337364673614502,119700
2024-01-22 00:00:00-05:00,4.354406833648682,4.362927966231938,4.3203214906569745,4.354406833648682,178000
2024-01-23 00:00:00-05:00,4.354407257091039,4.3799710636560905,4.345885717349769,4.36292839050293,188300
2024-01-24 00:00:00-05:00,4.397014233647959,4.397014233647959,4.371450424194336,4.371450424194336,161300
2024-01-25 00:00:00-05:00,4.362928883490178,4.3884930992732265,4.354407749115446,4.371450424194336,187100
2024-01-26 00:00:00-05:00,4.3799710636560905,4.397013736809251,4.3373645839378785,4.36292839050293,302200
2024-01-29 00:00:00-05:00,4.362928829344043,4.3884930448098265,4.3544076950750625,4.379971504211426,188700
2024-01-30 00:00:00-05:00,4.371449505144535,4.3799706377277925,4.354406833648682,4.354406833648682,196500
2024-01-31 00:00:00-05:00,4.362928071545311,4.362928071545311,4.294757383916376,4.303278923034668,420800
2024-02-01 00:00:00-05:00,4.320457830805482,4.363404480196499,4.320457830805482,4.346225738525391,234300
2024-02-02 00:00:00-05:00,4.337636301312143,4.346225466823997,4.320457560714953,4.329046726226807,197900
2024-02-05 00:00:00-05:00,4.337636301312143,4.346225466823997,4.3118679856296165,4.329046726226807,177700
2024-02-06 00:00:00-05:00,4.346225738525391,4.354815314147698,4.320457830805482,4.346225738525391,201800
2024-02-07 00:00:00-05:00,4.363404750823975,4.371994326979026,4.337636841505887,4.363404750823975,189700
2024-02-08 00:00:00-05:00,4.371993338327065,4.389172077178955,4.3548145994751755,4.389172077178955,253500
2024-02-09 00:00:00-05:00,4.397761241818179,4.406350816030844,4.3805825029662895,4.389172077178955,151400
2024-02-12 00:00:00-05:00,4.406351397092191,4.423530138209425,4.397761821746826,4.397761821746826,223700
2024-02-13 00:00:00-05:00,4.371992992103328,4.389171729594811,4.311867206096432,4.337635517120361,416300
2024-02-14 00:00:00-05:00,4.371992992103328,4.371992992103328,4.329045943587915,4.337635517120361,243700
2024-02-15 00:00:00-05:00,4.371994225430821,4.380583391812838,4.34622590713772,4.354815483093262,182800
2024-02-16 00:00:00-05:00,4.354815314147698,4.371994055818806,4.33763657247659,4.346225738525391,166900
2024-02-20 00:00:00-05:00,4.35481527703,4.3719940185546875,4.337636535505313,4.3719940185546875,218300
2024-02-21 00:00:00-05:00,4.3719945960125015,4.389173339806176,4.3548158522188265,4.380583763122559,118800
2024-02-22 00:00:00-05:00,4.423530827393524,4.423530827393524,4.380583763122559,4.380583763122559,120700
2024-02-23 00:00:00-05:00,4.397761821746826,4.41494056286406,4.389172655974956,4.397761821746826,121200
2024-02-26 00:00:00-05:00,4.4149406675796525,4.4149406675796525,4.363404443005591,4.3719940185546875,137900
2024-02-27 00:00:00-05:00,4.380582876574217,4.414940357208252,4.380582876574217,4.414940357208252,160900
2024-02-28 00:00:00-05:00,4.40635208359985,4.414941250709908,4.380583763122559,4.380583763122559,154000
2024-02-29 00:00:00-05:00,4.389173339806176,4.414941250709908,4.380583763122559,4.380583763122559,161600
2024-03-01 00:00:00-05:00,4.3978970336067595,4.432526111602783,4.3978970336067595,4.432526111602783,118100
2024-03-04 00:00:00-05:00,4.423869631433798,4.432526695667942,4.397897613108913,4.415212154388428,94000
2024-03-05 00:00:00-05:00,4.423869717397216,4.449841323415547,4.40655517578125,4.40655517578125,263100
2024-03-06 00:00:00-05:00,4.423868656158447,4.432525718484076,4.415211181021682,4.423868656158447,137000
2024-03-07 00:00:00-05:00,4.423868944175387,4.467155084243957,4.423868944175387,4.449840545654297,209000
2024-03-08 00:00:00-05:00,4.449841323415547,4.475813342245113,4.3978976985676494,4.40655517578125,245700
2024-03-11 00:00:00-04:00,4.415211572604772,4.432526111602783,4.406554509511351,4.432526111602783,138100
2024-03-12 00:00:00-04:00,4.441184220175873,4.493127844569533,4.423869678711319,4.484470367431641,325800
2024-03-13 00:00:00-04:00,4.4931274729975845,4.501784536608326,4.467155456542969,4.467155456542969,206400
2024-03-14 00:00:00-04:00,4.493127098534028,4.493127098534028,4.441183482765048,4.449840545654297,136500
2024-03-15 00:00:00-04:00,4.458498266951949,4.493127346038818,4.458498266951949,4.493127346038818,253600
2024-03-18 00:00:00-04:00,4.501784694893202,4.536413776176134,4.493127630978075,4.519099235534668,240200
2024-03-19 00:00:00-04:00,4.510442171619541,4.519099235534668,4.493127630978075,4.519099235534668,161000
2024-03-20 00:00:00-04:00,4.493127997692408,4.545071623856273,4.467155978204853,4.53641414642334,296800
2024-03-21 00:00:00-04:00,4.527757534917457,4.545072078704834,4.527757534917457,4.545072078704834,227800
2024-03-22 00:00:00-04:00,4.553729557004165,4.553729557004165,4.519100056618126,4.545072078704834,139100
2024-03-25 00:00:00-04:00,4.545071252902472,4.545071252902472,4.510442171619541,4.519099235534668,129300
2024-03-26 00:00:00-04:00,4.519100033936935,4.562386599593766,4.519100033936935,4.55372953414917,361700
2024-03-27 00:00:00-04:00,4.5537289715441585,4.579700577480485,4.545071494357894,4.5623860359191895,207200
2024-03-28 00:00:00-04:00,4.562385907399099,4.622987007562146,4.562385907399099,4.588357925415039,402500
2024-04-01 00:00:00-04:00,4.588359109422366,4.588359109422366,4.5534662635557,4.56218957901001,188600
2024-04-02 00:00:00-04:00,4.518572614634635,4.518572614634635,4.4836801941317015,4.492403507232666,303600
2024-04-03 00:00:00-04:00,4.45751091954843,4.51857244516319,4.4313413971774995,4.509849548339844,205800
2024-04-04 00:00:00-04:00,4.509848812688311,4.527295019439604,4.483679294586182,4.483679294586182,220200
2024-04-05 00:00:00-04:00,4.474957296981199,4.518572614634635,4.466233983880234,4.492403507232666,147500
2024-04-08 00:00:00-04:00,4.492403392440066,4.509849602245737,4.474957182634395,4.501126289367676,227100
2024-04-09 00:00:00-04:00,4.527295019439604,4.527295019439604,4.474956399185724,4.483679294586182,259500
2024-04-10 00:00:00-04:00,4.483680363605698,4.509849887947285,4.4662341526948,4.474957466125488,296800
2024-04-11 00:00:00-04:00,4.501126745981792,4.509850059744785,4.448788111255317,4.4575114250183105,297900
2024-04-12 00:00:00-04:00,4.466234413607807,4.483680625537896,4.387726667897658,4.396449565887451,134600
2024-04-15 00:00:00-04:00,4.4313417969312585,4.4313417969312585,4.344110741076408,4.3702802658081055,388900
2024-04-16 00:00:00-04:00,4.396448948962734,4.396448948962734,4.352833217282568,4.361556529998779,258500
2024-04-17 00:00:00-04:00,4.3702802658081055,4.3702802658081055,4.361556952247378,4.3702802658081055,87400
2024-04-18 00:00:00-04:00,4.361556952247378,4.396449374589318,4.361556952247378,4.3702802658081055,86500
2024-04-19 00:00:00-04:00,4.3790027394807565,4.405172261678945,4.361556529998779,4.361556529998779,192400
2024-04-22 00:00:00-04:00,4.396448260829715,4.483679294586182,4.396448260829715,4.483679294586182,266000
2024-04-23 00:00:00-04:00,4.501126900904415,4.544742639319585,4.483680688728448,4.536019325256348,301200
2024-04-24 00:00:00-04:00,4.536019018307406,4.562188542775738,4.501126596316617,4.518572807312012,257800
2024-04-25 00:00:00-04:00,4.492403476989305,4.544742107391357,4.4487877436790315,4.544742107391357,714400
2024-04-26 00:00:00-04:00,4.553465671617775,4.570911884307861,4.527296560557906,4.570911884307861,271700
2024-04-29 00:00:00-04:00,4.5796350636715175,4.5796350636715175,4.509850214967653,4.536019325256348,209800
2024-04-30 00:00:00-04:00,4.518572785427495,4.5360189963383934,4.474957466125488,4.474957466125488,240500
2024-05-01 00:00:00-04:00,4.474957212046727,4.483766384690226,4.439721361561672,4.457339286804199,367500
2024-05-02 00:00:00-04:00,4.483766555786133,4.492575308721294,4.457339456891675,4.483766555786133,239200
2024-05-03 00:00:00-04:00,4.554237328544534,4.554237328544534,4.474956468110912,4.519001483917236,277700
2024-05-06 00:00:00-04:00,4.536619406230885,4.545428157365509,4.492574390424561,4.519001483917236,197100
2024-05-07 00:00:00-04:00,4.536619406230885,4.536619406230885,4.501383561603587,4.519001483917236,246600
2024-05-08 00:00:00-04:00,4.519003164882885,4.53662109375,4.519003164882885,4.53662109375,128000
2024-05-09 00:00:00-04:00,4.519001993955612,4.5630465946886405,4.519001993955612,4.5542378425598145,224400
2024-05-10 00:00:00-04:00,4.5630465946886405,4.5630465946886405,4.536619918257713,4.5542378425598145,121400
2024-05-13 00:00:00-04:00,4.57185695148423,4.57185695148423,4.53662109375,4.53662109375,133300
2024-05-14 00:00:00-04:00,4.545429398012472,4.60709235296297,4.545429398012472,4.571856498718262,203500
2024-05-15 00:00:00-04:00,4.615900261084293,4.624709433054298,4.580664413293149,4.598282337188721,213700
2024-05-16 00:00:00-04:00,4.589474201202393,4.5982829543101555,4.563047101790115,4.589474201202393,261700
2024-05-17 00:00:00-04:00,4.571856498718262,4.58066525225718,4.545429398012472,4.571856498718262,222900
2024-05-20 00:00:00-04:00,4.563046489397577,4.598282337188721,4.554237737472009,4.598282337188721,159300
2024-05-21 00:00:00-04:00,4.607091288169816,4.615900039672852,4.589473365119324,4.615900039672852,138300
2024-05-22 00:00:00-04:00,4.615901134115297,4.615901134115297,4.589474453295933,4.607092380523682,138400
2024-05-23 00:00:00-04:00,4.615900367594944,4.615900367594944,4.536619918257713,4.5542378425598145,214700
2024-05-24 00:00:00-04:00,4.563046677521087,4.580664602143004,4.53662000061044,4.54542875289917,205700
2024-05-28 00:00:00-04:00,4.571855849854273,4.580664602143004,4.53662000061044,4.54542875289917,143100
2024-05-29 00:00:00-04:00,4.536620447489208,4.545429200645642,4.501384594774474,4.510193347930908,179400
2024-05-30 00:00:00-04:00,4.510193347930908,4.510193347930908,4.483766668417107,4.510193347930908,207500
2024-05-31 00:00:00-04:00,4.53662109375,4.554239022617115,4.492576061559934,4.53662109375,248700
2024-06-03 00:00:00-04:00,4.563305334698837,4.589991092681885,4.554409799262838,4.589991092681885,126600
2024-06-04 00:00:00-04:00,4.58109698223073,4.589992095447551,4.5544107942551335,4.5633063316345215,257400
2024-06-05 00:00:00-04:00,4.554411079026848,4.598887920379639,4.536620427318251,4.598887920379639,259600
2024-06-06 00:00:00-04:00,4.572200775146484,4.5810963112229155,4.545515015242204,4.572200775146484,257300
2024-06-07 00:00:00-04:00,4.545515681038313,4.58109698223073,4.545515681038313,4.5633063316345215,150500
2024-06-10 00:00:00-04:00,4.545515537261963,4.563306187295447,4.527724887228479,4.545515537261963,177200
2024-06-11 00:00:00-04:00,4.545515537261963,4.563306187295447,4.536620000163944,4.545515537261963,158400
2024-06-12 00:00:00-04:00,4.589992717298363,4.589992717298363,4.545516296863473,4.5544114112854,120800
2024-06-13 00:00:00-04:00,4.563306187295447,4.563306187295447,4.536620000163944,4.545515537261963,112300
2024-06-14 00:00:00-04:00,4.527725217244325,4.54551586857453,4.501039028167725,4.501039028167725,190800
2024-06-17 00:00:00-04:00,4.527724887228479,4.545515537261963,4.501038700096975,4.545515537261963,283000
2024-06-18 00:00:00-04:00,4.527725030442104,4.58109698223073,4.527725030442104,4.5633063316345215,130000
2024-06-20 00:00:00-04:00,4.589991423136841,4.616677607203627,4.554410127156129,4.572200775146484,187800
2024-06-21 00:00:00-04:00,4.581097268671042,4.598887920379639,4.572201730735445,4.598887920379639,129300
2024-06-24 00:00:00-04:00,4.581095981408361,4.607781739391409,4.581095981408361,4.589991092681885,132600
2024-06-25 00:00:00-04:00,4.607782363891602,4.634468549653946,4.589991714770882,4.607782363891602,205900
2024-06-26 00:00:00-04:00,4.607781739391409,4.607781739391409,4.589991092681885,4.589991092681885,130900
2024-06-27 00:00:00-04:00,4.589992382444042,4.616678572088236,4.581097268671042,4.598887920379639,80000
2024-06-28 00:00:00-04:00,4.607782071127196,4.616677607203627,4.572200775146484,4.572200775146484,311000
2024-07-01 00:00:00-04:00,4.581184387207031,4.644063543974392,4.581184387207031,4.581184387207031,445300
2024-07-02 00:00:00-04:00,4.590166460622009,4.653045177459717,4.581183542028545,4.653045177459717,262100
2024-07-03 00:00:00-04:00,4.653045269901968,4.6620281886738955,4.617114451472543,4.635079860687256,138800
2024-07-05 00:00:00-04:00,4.662029461048269,4.662029461048269,4.599150297471043,4.6260986328125,131300
2024-07-08 00:00:00-04:00,4.6171144685130585,4.6171144685130585,4.581183649951023,4.5901665687561035,154600
2024-07-09 00:00:00-04:00,4.599149703979492,4.608132624043875,4.572201800444754,4.599149703979492,176000
2024-07-10 00:00:00-04:00,4.608132053292166,4.617114543914795,4.5901666437177555,4.617114543914795,153900
2024-07-11 00:00:00-04:00,4.6350797686019245,4.653045177459717,4.599148950886338,4.653045177459717,205500
2024-07-12 00:00:00-04:00,4.671011662466854,4.715925409123533,4.653046249470028,4.679994583129883,192700
2024-07-15 00:00:00-04:00,4.715924933438112,4.778804086749128,4.679994111068728,4.7698211669921875,706200
2024-07-16 00:00:00-04:00,4.778803919160618,4.85066556137926,4.742873098051296,4.760838508605957,733200
2024-07-17 00:00:00-04:00,4.751855782101544,4.823717427237953,4.751855782101544,4.814734935760498,448400
2024-07-18 00:00:00-04:00,4.841682434082031,4.877613253648828,4.814734533571511,4.841682434082031,495800
2024-07-19 00:00:00-04:00,4.859648443450033,4.958458423614502,4.841683031450057,4.958458423614502,2608700
2024-07-22 00:00:00-04:00,4.931509899245029,4.940492819059513,4.886596585160185,4.904561996459961,257500
2024-07-23 00:00:00-04:00,4.913544461298694,4.931509872501043,4.85964822769165,4.85964822769165,333600
2024-07-24 00:00:00-04:00,4.8327005389202515,4.895579266746526,4.82371761875695,4.868631362915039,358400
2024-07-25 00:00:00-04:00,4.886596846108765,4.9404930828862,4.886596846108765,4.8955793380737305,206300
2024-07-26 00:00:00-04:00,4.949475931779118,4.976423835614478,4.913544679449959,4.958458423614502,233200
2024-07-29 00:00:00-04:00,4.994389272174048,5.012354684262367,4.958458447997409,5.0033721923828125,527500
2024-07-30 00:00:00-04:00,5.012354684262367,5.039303016559451,4.994389272174048,5.0033721923828125,266600
2024-07-31 00:00:00-04:00,5.048285007476807,5.0752333370996965,5.003371695877548,5.048285007476807,233400
2024-08-01 00:00:00-04:00,5.048285707442673,5.093602194564203,4.957651868851272,5.002968788146973,450400
2024-08-02 00:00:00-04:00,4.957651208926547,4.9848414433194455,4.876081370096082,4.930461406707764,364100
2024-08-05 00:00:00-04:00,4.821702197867187,4.8942089263476545,4.7673221515068365,4.80357551574707,234900
2024-08-06 00:00:00-04:00,4.812638062995472,4.9032714627161305,4.812638062995472,4.857954978942871,254500
2024-08-07 00:00:00-04:00,4.903272063979828,4.975778792647493,4.857955574649634,4.867018699645996,371300
2024-08-08 00:00:00-04:00,4.894209050834578,5.002969146321653,4.867018810875708,4.993906021118164,191900
2024-08-09 00:00:00-04:00,4.984841346740723,5.012031580606824,4.92139775583589,4.984841346740723,208300
2024-08-12 00:00:00-04:00,5.0120332166986605,5.0120332166986605,4.939526046778377,4.966716289520264,169500
2024-08-13 00:00:00-04:00,4.993906021118164,5.002969146321653,4.921398858619245,4.993906021118164,228200
2024-08-14 00:00:00-04:00,5.002968877235538,5.057348922054229,4.966715514023077,5.039222240447998,236500
2024-08-15 00:00:00-04:00,5.093602060931853,5.11172874173974,5.057348699316081,5.08453893661499,172700
2024-08-16 00:00:00-04:00,5.084538579962664,5.120791939035464,5.075475024107399,5.093601703643799,203300
2024-08-19 00:00:00-04:00,5.102665811880409,5.102665811880409,5.04828576738438,5.066412448883057,291200
2024-08-20 00:00:00-04:00,5.084539522104765,5.093602647465256,5.0029692329892965,5.0301594734191895,188200
2024-08-21 00:00:00-04:00,5.039221927985755,5.0754752889502885,5.030158803831698,5.048285484313965,175300
2024-08-22 00:00:00-04:00,5.04828576738438,5.075475573545306,5.039222210547954,5.066412448883057,224100
2024-08-23 00:00:00-04:00,5.084539130381732,5.111728936542659,5.066412448883057,5.066412448883057,146300
2024-08-26 00:00:00-04:00,5.102664689150895,5.15704472168179,5.102664689150895,5.1479811668396,198300
2024-08-27 00:00:00-04:00,5.147982000784234,5.147982000784234,5.093601959444073,5.138918876647949,206100
2024-08-28 00:00:00-04:00,5.138918523839954,5.166108326556267,5.039221572140525,5.057348251342773,384800
2024-08-29 00:00:00-04:00,5.0573485356904495,5.09360189613328,5.039221855469035,5.075475215911865,177700
2024-08-30 00:00:00-04:00,5.075475780573922,5.120792702256178,5.075475780573922,5.111729145050049,246000
2024-09-03 00:00:00-04:00,5.111728987873552,5.120873177677315,5.0751513565789805,5.102584362030029,173700
2024-09-04 00:00:00-04:00,5.066007359078129,5.120873812825135,5.066007359078129,5.111729621887207,159600
2024-09-05 00:00:00-04:00,5.120872974395752,5.139161789317033,5.093439970033702,5.120872974395752,146900
2024-09-06 00:00:00-04:00,5.102584496483293,5.120873312612489,5.038573858050991,5.047718048095703,219300
2024-09-09 00:00:00-04:00,5.066006529631911,5.120872974395752,5.056862340191141,5.120872974395752,109400
2024-09-10 00:00:00-04:00,5.120873588643647,5.120873588643647,5.047718320183563,5.066007137298584,271700
2024-09-11 00:00:00-04:00,5.066006817481338,5.075151443481445,5.029429185560444,5.075151443481445,207000
2024-09-12 00:00:00-04:00,5.066007137298584,5.084295954413605,5.029429503068542,5.066007137298584,180400
2024-09-13 00:00:00-04:00,5.084295500688598,5.1300177574157715,5.084295500688598,5.1300177574157715,129500
2024-09-16 00:00:00-04:00,5.148306846618652,5.157451036826402,5.111729213708093,5.148306846618652,140800
2024-09-17 00:00:00-04:00,5.1574506759643555,5.166595301572044,5.130017671220788,5.1574506759643555,152800
2024-09-18 00:00:00-04:00,5.1300177574157715,5.184884203864526,5.1300177574157715,5.1300177574157715,184400
2024-09-19 00:00:00-04:00,5.166595301572044,5.175739491139983,5.130017671220788,5.1574506759643555,181600
2024-09-20 00:00:00-04:00,5.148306019561752,5.166594833078999,5.084294954231532,5.09343957901001,114100
2024-09-23 00:00:00-04:00,5.1208734039158434,5.148306846618652,5.102584587460564,5.148306846618652,86100
2024-09-24 00:00:00-04:00,5.157450833098075,5.166595458984375,5.130017827518697,5.166595458984375,98800
2024-09-25 00:00:00-04:00,5.157450208300521,5.175739021817768,5.075150765492762,5.09343957901001,221700
2024-09-26 00:00:00-04:00,5.102584230437471,5.184884116747671,5.084295415261843,5.1574506759643555,267800
2024-09-27 00:00:00-04:00,5.1574506042383135,5.175739419159594,5.093439970033702,5.120872974395752,223800
2024-09-30 00:00:00-04:00,5.1117288560451595,5.194028306315611,5.0751512256939035,5.1574506759643555,343100
2024-10-01 00:00:00-04:00,5.129772321479859,5.166677123509646,5.046736296942865,5.120546340942383,512600
2024-10-02 00:00:00-04:00,5.111319920464965,5.120546340942383,5.0744151184351765,5.120546340942383,233300
2024-10-03 00:00:00-04:00,5.092868465007969,5.102094887198393,5.046737233935894,5.083642482757568,309600
2024-10-04 00:00:00-04:00,5.083642346092108,5.111320732039244,5.055963520204958,5.092868328094482,283700
2024-10-07 00:00:00-04:00,5.092867227805224,5.102093647754288,5.046736007939739,5.065188407897949,189400
2024-10-08 00:00:00-04:00,5.07441592414972,5.10209475003687,5.065189502207334,5.092868328094482,147200
2024-10-09 00:00:00-04:00,5.092868098129926,5.1482253074646,5.074415695018367,5.1482253074646,131500
2024-10-10 00:00:00-04:00,5.148224722494752,5.148224722494752,5.055962717420283,5.120546340942383,470700
2024-10-11 00:00:00-04:00,5.1297726704353295,5.166677474975586,5.120546689270252,5.166677474975586,155800
2024-10-14 00:00:00-04:00,5.157451493810508,5.166677474975586,5.148225072705458,5.166677474975586,158200
2024-10-15 00:00:00-04:00,5.166677222877648,5.166677222877648,5.092867617398531,5.1113200187683105,268600
2024-10-16 00:00:00-04:00,5.111319688218717,5.15745090862983,5.102093708100448,5.138998508453369,252100
2024-10-17 00:00:00-04:00,5.1759031857504905,5.185129165649414,5.148224366173896,5.185129165649414,157300
2024-10-18 00:00:00-04:00,5.19435558548825,5.19435558548825,5.157450786012731,5.185129165649414,144700
2024-10-21 00:00:00-04:00,5.185130020138489,5.212808844276445,5.166677617359846,5.194356441497803,303800
2024-10-22 00:00:00-04:00,5.194356207062952,5.212808609008789,5.175903805117113,5.212808609008789,160500
2024-10-23 00:00:00-04:00,5.194355708982751,5.212808109159211,5.138998508453369,5.138998508453369,94100
2024-10-24 00:00:00-04:00,5.148224366173896,5.19435558548825,5.148224366173896,5.185129165649414,165500
2024-10-25 00:00:00-04:00,5.157451223489324,5.166677204170834,5.019057993747079,5.037510395050049,1026200
2024-10-28 00:00:00-04:00,5.037510249653372,5.055962650423753,5.000605448112609,5.009831428527832,346500
2024-10-29 00:00:00-04:00,5.009831086138447,5.0282834856477265,5.00060510635376,5.00060510635376,172800
2024-10-30 00:00:00-04:00,4.982152949883061,5.028283730936651,4.982152949883061,5.019057750701904,222000
2024-10-31 00:00:00-04:00,5.009830705449642,5.019057124473134,4.954473511128305,4.991378307342529,262100
2024-11-01 00:00:00-04:00,4.991379286601815,5.047252880655392,4.991379286601815,5.028628349304199,156500
2024-11-04 00:00:00-05:00,5.010003649426106,5.028628180150804,4.96344210059244,4.982066631317139,345900
2024-11-05 00:00:00-05:00,5.010003817953008,5.047252880655392,5.010003817953008,5.028628349304199,169700
2024-11-06 00:00:00-05:00,5.1031261307828375,5.1031261307828375,5.075189113616943,5.075189113616943,272000
2024-11-07 00:00:00-05:00,5.084502019278393,5.149688102002835,5.075189531441818,5.14037561416626,249100
2024-11-08 00:00:00-05:00,5.140375982601022,5.1496884711050654,5.121751449636825,5.131063938140869,110400
2024-11-11 00:00:00-05:00,5.131063013537689,5.186936602362015,5.112438039885769,5.168312072753906,181300
2024-11-12 00:00:00-05:00,5.177624677424838,5.186937165261413,5.131063570373545,5.14037561416626,176500
2024-11-13 00:00:00-05:00,5.1496886669676405,5.1683132006402,5.112439155578613,5.112439155578613,152600
2024-11-14 00:00:00-05:00,5.14037561416626,5.168312633632124,5.1124385947003965,5.14037561416626,157800
2024-11-15 00:00:00-05:00,5.140375982601022,5.168313004069263,5.103126916672629,5.131063938140869,278400
2024-11-18 00:00:00-05:00,5.131063013537689,5.196248645144163,5.121750526711729,5.168312072753906,207300
2024-11-19 00:00:00-05:00,5.158999946360098,5.196249008178711,5.140375415450792,5.196249008178711,247100
2024-11-20 00:00:00-05:00,5.205561950088415,5.205561950088415,5.1496883524828645,5.159000396728516,220200
2024-11-21 00:00:00-05:00,5.186936234945607,5.196248277068137,5.140374692201616,5.177623748779297,329600
2024-11-22 00:00:00-05:00,5.177623748779297,5.196248277068137,5.158999220490456,5.177623748779297,211200
2024-11-25 00:00:00-05:00,5.205561996274522,5.233498573303223,5.186937463574093,5.233498573303223,235300
2024-11-26 00:00:00-05:00,5.224186169296572,5.224186169296572,5.17762461872926,5.205561637878418,173300
2024-11-27 00:00:00-05:00,5.214874040602794,5.252123106003651,5.186937463574093,5.233498573303223,176400
2024-11-29 00:00:00-05:00,5.242810501181536,5.270747075223617,5.2241859704722025,5.261435031890869,117300
2024-12-02 00:00:00-05:00,5.2708301891061,5.280225375149998,5.223852914861137,5.261434555053711,174300
2024-12-03 00:00:00-05:00,5.261435371464239,5.29901701748831,5.261435371464239,5.289621829986572,201300
2024-12-04 00:00:00-05:00,5.289621553421932,5.299016740432448,5.233249087333223,5.252039909362793,194700
2024-12-05 00:00:00-05:00,5.26143452042839,5.270830154418945,5.233248514473695,5.270830154418945,216000
2024-12-06 00:00:00-05:00,5.26143452042839,5.270830154418945,5.242643700455765,5.270830154418945,144900
2024-12-09 00:00:00-05:00,5.270830970299724,5.28022615773609,5.2050628662109375,5.2050628662109375,183300
2024-12-10 00:00:00-05:00,5.233249324537148,5.242644511973514,5.195667678774572,5.2050628662109375,218100
2024-12-11 00:00:00-05:00,5.23324842934244,5.242643615171674,5.186271156170831,5.195666790008545,143900
2024-12-12 00:00:00-05:00,5.17687668106819,5.17687668106819,5.139294588566219,5.148690223693848,183500
2024-12-13 00:00:00-05:00,5.148690024441435,5.205062488999986,5.139294389677414,5.186271667480469,199000
2024-12-16 00:00:00-05:00,5.214457609675493,5.242643615171674,5.176875970341597,5.195666790008545,240400
2024-12-17 00:00:00-05:00,5.176876782340586,5.195667604954895,5.129899501800537,5.129899501800537,204800
2024-12-18 00:00:00-05:00,5.1392940644018985,5.1862713392316735,5.045339962750844,5.064130783081055,154700
2024-12-19 00:00:00-05:00,5.092317985970697,5.111108809062492,4.988968234961542,5.017154693603516,239400
2024-12-20 00:00:00-05:00,5.026549320616332,5.1205034255981445,5.017154134122406,5.1205034255981445,184700
2024-12-23 00:00:00-05:00,5.1205034255981445,5.129899060100581,5.0829217836054195,5.1205034255981445,217100
2024-12-24 00:00:00-05:00,5.148690562560088,5.186272209526991,5.148690562560088,5.176877021789551,91500
2024-12-26 00:00:00-05:00,5.176875970341597,5.195666790008545,5.167480336503884,5.195666790008545,205700
2024-12-27 00:00:00-05:00,5.195667845273003,5.195667845273003,5.129899739076635,5.176877021789551,189700
2024-12-30 00:00:00-05:00,5.129468749145559,5.129468749145559,5.0725800541143755,5.101024627685547,191900
2024-12-31 00:00:00-05:00,5.101024551777308,5.138950347900391,5.082061653715766,5.138950347900391,190300
2025-01-02 00:00:00-05:00,5.148431816814071,5.148431816814071,5.091543119911897,5.12946891784668,220900
2025-01-03 00:00:00-05:00,5.148431969601583,5.186357768661871,5.072580371481006,5.176876544952393,327600
2025-01-06 00:00:00-05:00,5.1579128038279105,5.195838596700011,5.101024114519761,5.1199870109558105,281700
2025-01-07 00:00:00-05:00,5.129468343532811,5.129468343532811,5.063098430633545,5.063098430633545,190900
2025-01-08 00:00:00-05:00,5.0725800541143755,5.101024627685547,5.044135932654363,5.101024627685547,294700
2025-01-10 00:00:00-05:00,5.101023989728585,5.101023989728585,5.025172405840013,5.053616523742676,209300
2025-01-13 00:00:00-05:00,4.9872469530495795,5.034653970148263,4.9777652783631625,5.006209850311279,515000
2025-01-14 00:00:00-05:00,5.053616756155865,5.072579653000101,5.034653859311629,5.063098430633545,343900
2025-01-15 00:00:00-05:00,5.129468672814044,5.205320265060209,5.110505774752502,5.138950347900391,375800
2025-01-16 00:00:00-05:00,5.157912938813768,5.167394161224365,5.129468367359722,5.167394161224365,328500
2025-01-17 00:00:00-05:00,5.186357253344092,5.233764723514628,5.157913132930685,5.195838928222656,1696500
2025-01-21 00:00:00-05:00,5.233765356140875,5.243247032165527,5.2053207801781145,5.243247032165527,252900
2025-01-22 00:00:00-05:00,5.233765243542825,5.233765243542825,5.176876544952393,5.176876544952393,192700
2025-01-23 00:00:00-05:00,5.195839135131384,5.205320358276367,5.167394561474114,5.205320358276367,127500
2025-01-24 00:00:00-05:00,5.2053207801781145,5.243247032165527,5.176876656326552,5.243247032165527,202600
2025-01-27 00:00:00-05:00,5.205320358276367,5.233764931933637,5.176876236730258,5.205320358276367,322000
2025-01-28 00:00:00-05:00,5.205320358276367,5.214802033532511,5.176876236730258,5.205320358276367,301900
2025-01-29 00:00:00-05:00,5.205320668192015,5.2242840198333464,5.157913645422249,5.176876544952393,456100
2025-01-30 00:00:00-05:00,5.195839651204007,5.195839651204007,5.157913850634804,5.1863579750061035,437500
2025-01-31 00:00:00-05:00,5.176875835746088,5.19583873267841,5.138950041881446,5.167394161224365,357100
2025-02-03 00:00:00-05:00,5.148255839137455,5.1769633293151855,5.081270934893869,5.1769633293151855,231100
2025-02-04 00:00:00-05:00,5.196102142333984,5.2152406224489445,5.176963662219024,5.196102142333984,181900
2025-02-05 00:00:00-05:00,5.205671310424805,5.205671310424805,5.176963363758744,5.205671310424805,188600
2025-02-06 00:00:00-05:00,5.224809946457681,5.23437895810239,5.176963519342094,5.215240478515625,308700
2025-02-07 00:00:00-05:00,5.224809933320451,5.224809933320451,5.167394494704521,5.186532974243164,195000
2025-02-10 00:00:00-05:00,5.196101808199449,5.215240287083712,5.167394318021719,5.1769633293151855,254100
2025-02-11 00:00:00-05:00,5.19610184277034,5.205671310424805,5.176963363758744,5.205671310424805,186500
2025-02-12 00:00:00-05:00,5.19610199892886,5.23437895810239,5.176963519342094,5.215240478515625,185800
2025-02-13 00:00:00-05:00,5.243948936462402,5.253517949038509,5.2248104550128,5.243948936462402,151200
2025-02-14 00:00:00-05:00,5.263087417912005,5.263087417912005,5.2248104550128,5.243948936462402,151300
2025-02-18 00:00:00-05:00,5.26308744864265,5.282225930204,5.2439489670813,5.2726569175720215,222000
2025-02-19 00:00:00-05:00,5.272656772718097,5.291795253753662,5.253517835385151,5.291795253753662,176200
2025-02-20 00:00:00-05:00,5.282225576283291,5.2917950445714865,5.2535176277160645,5.2535176277160645,170400
2025-02-21 00:00:00-05:00,5.282225930204,5.291795399133372,5.253517979713278,5.2726569175720215,160800
2025-02-24 00:00:00-05:00,5.282225785087189,5.3013642661227545,5.272656772718097,5.291795253753662,207800
2025-02-25 00:00:00-05:00,5.301364121529834,5.320502602043404,5.2822256410162645,5.310933589935303,162900
2025-02-26 00:00:00-05:00,5.310933890792048,5.330072372389785,5.291795409194311,5.301364421844482,140100
2025-02-27 00:00:00-05:00,5.320502903442219,5.320502903442219,5.291795409194311,5.301364421844482,126700
2025-02-28 00:00:00-05:00,5.310932985859103,5.358778953552246,5.301363518542084,5.358778953552246,249600
2025-03-03 00:00:00-05:00,5.378090806731185,5.397401706235807,5.329813327765549,5.3587799072265625,302200
2025-03-04 00:00:00-05:00,5.349124175448344,5.368435074765884,5.310502376813264,5.339468955993652,305300
2025-03-05 00:00:00-05:00,5.3394684209992604,5.416712010529908,5.3394684209992604,5.4070563316345215,291000
2025-03-06 00:00:00-05:00,5.387745974083424,5.387745974083424,5.320158056676112,5.339468955993652,228200
2025-03-07 00:00:00-05:00,5.358779318381923,5.4070563316345215,5.3394684209992604,5.4070563316345215,220900
2025-03-10 00:00:00-04:00,5.378090806731185,5.397401706235807,5.339469007721941,5.3587799072265625,302900
2025-03-11 00:00:00-04:00,5.368435126774793,5.387746026279416,5.349124227270171,5.3587799072265625,224800
2025-03-12 00:00:00-04:00,5.378090806731185,5.387746026279416,5.339469007721941,5.3587799072265625,113600
2025-03-13 00:00:00-04:00,5.349124328887228,5.358780009027049,5.310502529144287,5.310502529144287,110700
2025-03-14 00:00:00-04:00,5.3491240594412846,5.397401536892214,5.3491240594412846,5.3877458572387695,194800
2025-03-17 00:00:00-04:00,5.387746180634408,5.426367980750139,5.368435280576542,5.416712760925293,211900
2025-03-18 00:00:00-04:00,5.416712540273054,5.42636775970459,5.397401641001826,5.42636775970459,204700
2025-03-19 00:00:00-04:00,5.436023339951993,5.474645137786865,5.407056761371765,5.474645137786865,147100
2025-03-20 00:00:00-04:00,5.464989458124074,5.474645137786865,5.4456785592066375,5.474645137786865,130600
2025-03-21 00:00:00-04:00,5.46498966217041,5.46498966217041,5.436023542916821,5.46498966217041,106900
2025-03-24 00:00:00-04:00,5.493956089019775,5.493956089019775,5.464989510163718,5.493956089019775,105300
2025-03-25 00:00:00-04:00,5.513267092020354,5.532577991485596,5.493956192555112,5.532577991485596,569400
2025-03-26 00:00:00-04:00,5.532578144841088,5.542233364637258,5.49395634484006,5.5036115646362305,227900
2025-03-27 00:00:00-04:00,5.51326634397631,5.5325772408214355,5.493955447131186,5.522921562194824,168100
2025-03-28 00:00:00-04:00,5.5229220915688115,5.542232990264893,5.49395597372876,5.542232990264893,228500
2025-03-31 00:00:00-04:00,5.522922414187041,5.571199893951416,5.493956294654952,5.571199893951416,281500
2025-04-01 00:00:00-04:00,5.541979996165892,5.561459696184135,5.5225002961476495,5.53223991394043,227000
2025-04-02 00:00:00-04:00,5.522500821772421,5.551720142364502,5.503021119900124,5.551720142364502,203900
2025-04-03 00:00:00-04:00,5.483541389012076,5.503021090781297,5.434841902372661,5.444581985473633,286700
2025-04-04 00:00:00-04:00,5.376402394927156,5.405622177611804,5.113426208496094,5.113426208496094,401700
2025-04-07 00:00:00-04:00,4.967328290708614,5.064726793578843,4.879669870341757,4.9575886726379395,293300
2025-04-08 00:00:00-04:00,5.054987437779007,5.142646327126618,4.9088894436772295,4.9673285484313965,339100
2025-04-09 00:00:00-04:00,4.879669503692129,5.317962965891919,4.879669503692129,5.259523868560791,261900
2025-04-10 00:00:00-04:00,5.259523914543604,5.259523914543604,5.074466539160787,5.1036858558654785,230300
2025-04-11 00:00:00-04:00,5.103685971995933,5.171865153246019,5.074466654626378,5.142645835876465,235900
2025-04-14 00:00:00-04:00,5.191345059260771,5.269263861252778,5.171865358762769,5.220564842224121,259500
2025-04-15 00:00:00-04:00,5.269264114358095,5.32770321865918,5.269264114358095,5.317963600158691,288800
2025-04-16 00:00:00-04:00,5.308223416363851,5.356922901239108,5.240044694857741,5.279004096984863,236300
2025-04-17 00:00:00-04:00,5.2887435470840956,5.327702947972058,5.2887435470840956,5.308223247528076,104000
2025-04-21 00:00:00-04:00,5.298483955930879,5.308223574536524,5.191345364672459,5.249784469604492,228500
2025-04-22 00:00:00-04:00,5.288744071203276,5.337443559355736,5.279004452232426,5.327703475952148,152400
2025-04-23 00:00:00-04:00,5.386142356815927,5.425101756568839,5.337442874908447,5.337442874908447,199400
2025-04-24 00:00:00-04:00,5.337442977579937,5.386142460424204,5.27900387682643,5.376402378082275,156800
2025-04-25 00:00:00-04:00,5.376402647882183,5.395882349110887,5.356922946653478,5.386142730712891,118500
2025-04-28 00:00:00-04:00,5.38614278088963,5.4251021837099795,5.376402697968184,5.405622482299805,170700
2025-04-29 00:00:00-04:00,5.405622414157046,5.503020919980124,5.395882331358383,5.473801136016846,263100
2025-04-30 00:00:00-04:00,5.454321703246347,5.483541488647461,5.386142978031635,5.483541488647461,292500
2025-05-01 00:00:00-04:00,5.4835405095706795,5.50319475815503,5.424577763817626,5.463886260986328,122900
2025-05-02 00:00:00-04:00,5.4933684182523645,5.5228495597839355,5.463886808126498,5.5228495597839355,180300
2025-05-05 00:00:00-04:00,5.513022621684185,5.513022621684185,5.473714120915203,5.483541011810303,160800
2025-05-06 00:00:00-04:00,5.483540765270177,5.493368124317731,5.4540596253160585,5.4737138748168945,187400
2025-05-07 00:00:00-04:00,5.483540789712354,5.552330897569037,5.4737138992152685,5.493368148803711,559100
2025-05-08 00:00:00-04:00,5.532676919357323,5.552331169909802,5.503195309231456,5.5228495597839355,99800
2025-05-09 00:00:00-04:00,5.532676647980595,5.54250353847768,5.483540789712354,5.493368148803711,96700
2025-05-12 00:00:00-04:00,5.552331169909802,5.552331169909802,5.513022668804844,5.5228495597839355,154700
2025-05-13 00:00:00-04:00,5.552330946539131,5.552330946539131,5.513022447015556,5.532676696777344,166300
2025-05-14 00:00:00-04:00,5.552331216695672,5.562158107757568,5.50319535560329,5.562158107757568,220400
2025-05-15 00:00:00-04:00,5.562158060888894,5.571985420462282,5.503195309231456,5.5228495597839355,389600
2025-05-16 00:00:00-04:00,5.552331018703322,5.591639518737793,5.552331018703322,5.591639518737793,194300
2025-05-19 00:00:00-04:00,5.571985014643847,5.581811904907227,5.552330765522824,5.581811904907227,86500
2025-05-20 00:00:00-04:00,5.581812206952876,5.630948066711426,5.581812206952876,5.630948066711426,163900
2025-05-21 00:00:00-04:00,5.621120859911847,5.630948219568044,5.552331216695672,5.562158107757568,294200
2025-05-22 00:00:00-04:00,5.562157885487492,5.571985244750977,5.513022494952915,5.571985244750977,170800
2025-05-23 00:00:00-04:00,5.552330493927002,5.571984742086625,5.52284888739045,5.552330493927002,175200
2025-05-27 00:00:00-04:00,5.591639518737793,5.621120659466505,5.5719852687205575,5.591639518737793,191200
2025-05-28 00:00:00-04:00,5.581812135420179,5.601466385352866,5.562157885487492,5.571985244750977,126900
2025-05-29 00:00:00-04:00,5.601466409449269,5.601466409449269,5.562157909414798,5.591639518737793,161700
2025-05-30 00:00:00-04:00,5.591639313235629,5.621120452880859,5.581811954291042,5.621120452880859,141400
2025-06-02 00:00:00-04:00,5.581465793962368,5.640948497595842,5.581465793962368,5.621120929718018,143800
2025-06-03 00:00:00-04:00,5.621121002039809,5.660776138305664,5.611206981610089,5.660776138305664,178100
2025-06-04 00:00:00-04:00,5.650861842813916,5.66077586276106,5.631034275646118,5.640948295593262,123400
2025-06-05 00:00:00-04:00,5.660776065473666,5.660776065473666,5.601293361840193,5.621120929718018,113200
2025-06-06 00:00:00-04:00,5.650862117875944,5.660776138305664,5.640948570172736,5.660776138305664,135700
2025-06-09 00:00:00-04:00,5.660776138305664,5.670689686008871,5.650862117875944,5.660776138305664,81300
2025-06-10 00:00:00-04:00,5.670689582824707,5.680603603074031,5.640948467529744,5.670689582824707,208800
2025-06-11 00:00:00-04:00,5.680603303330234,5.710344889782352,5.670689283604035,5.700430870056152,218700
2025-06-12 00:00:00-04:00,5.7103451652905335,5.720258712768555,5.690517124881488,5.720258712768555,137500
2025-06-13 00:00:00-04:00,5.710344889782352,5.710344889782352,5.670689283604035,5.700430870056152,130300
2025-06-16 00:00:00-04:00,5.720258712768555,5.740086280451098,5.700431145086011,5.720258712768555,350300
2025-06-17 00:00:00-04:00,5.71034498849511,5.7202585356662015,5.670689381631281,5.690516948699951,180400
2025-06-18 00:00:00-04:00,5.690517076781908,5.690517076781908,5.6310343742370605,5.6310343742370605,164200
2025-06-20 00:00:00-04:00,5.650861740112305,5.680603326686708,5.61120660649742,5.650861740112305,293800
2025-06-23 00:00:00-04:00,5.640948220815535,5.660775787720493,5.5913790671898935,5.601293087005615,325000
2025-06-24 00:00:00-04:00,5.63103459437025,5.750000476837158,5.621121046588475,5.750000476837158,415700
2025-06-25 00:00:00-04:00,5.750000122632452,5.750000122632452,5.690516948699951,5.690516948699951,147100
2025-06-26 00:00:00-04:00,5.720258614091255,5.730172634124756,5.710345066784248,5.730172634124756,142400
2025-06-27 00:00:00-04:00,5.750000098499769,5.759913645629254,5.720258511658344,5.740086078643799,233500
2025-06-30 00:00:00-04:00,5.759914024618933,5.769828045127223,5.730172908547093,5.750000476837158,300800
2025-07-01 00:00:00-04:00,5.769999980926514,5.829999923706055,5.75,5.829999923706055,185900
2025-07-02 00:00:00-04:00,5.820000171661377,5.820000171661377,5.760000228881836,5.800000190734863,176700
2025-07-03 00:00:00-04:00,5.809999942779541,5.809999942779541,5.769999980926514,5.789999961853027,85800
2025-07-07 00:00:00-04:00,5.769999980926514,5.78000020980835,5.71999979019165,5.71999979019165,157100
2025-07-08 00:00:00-04:00,5.760000228881836,5.760000228881836,5.730000019073486,5.760000228881836,197300
